{
  "name": "lightgallery.js",
  "version": "1.0.2",
  "description": "Full featured lightbox gallery. Zero dependencies",
  "main": [
    "dist/js/lightgallery.min.js",
    "dist/css/lightgallery.css",
    "dist/fonts/lg.eot",
    "dist/fonts/lg.svg",
    "dist/fonts/lg.ttf",
    "dist/fonts/lg.woff",
    "dist/img/loading.gif",
    "dist/img/video-play.png",
    "dist/img/vimeo-play.png",
    "dist/img/youtube-play.png"
  ],
  "keywords": [
    "gallery",
    "lightbox",
    "image",
    "youtube",
    "vimeo"
  ],
  "authors": [
    "Sachin N <sachi77n@gmail.com>"
  ],
  "homepage": "http://sachinchoolur.github.io/lightgallery.js/",
  "repository": {
    "type": "git",
    "url": "git://github.com/sachinchoolur/lightgallery.js.git"
  },
  "license": "GPLv3",
  "ignore": [
    "README.md"
  ],
  "_release": "1.0.2",
  "_resolution": {
    "type": "version",
    "tag": "1.0.2",
    "commit": "37b103e2cd3e3f0b9e11304b465b4c6456cf4322"
  },
  "_source": "https://github.com/sachinchoolur/lightgallery.js.git",
  "_target": "1.0.2",
  "_originalSource": "lightgallery.js"
}